0,EPIC,name,NEW,description,31.12.9999. 23:59,0 0 0
1,EPIC,name,NEW,description,31.12.9999. 23:59,0 0 0
2,EPIC,name,NEW,description,31.12.9999. 23:59,0 0 0
3,EPIC,name,NEW,description,31.12.9999. 23:59,0 0 0
4,EPIC,name,NEW,description,31.12.9999. 23:59,0 0 0
5,EPIC,name,NEW,description,31.12.9999. 23:59,0 0 0
6,EPIC,name,NEW,description,31.12.9999. 23:59,0 0 0
7,EPIC,name,NEW,description,31.12.9999. 23:59,0 0 0
8,EPIC,name,NEW,description,31.12.9999. 23:59,0 0 0
9,EPIC,name,NEW,description,31.12.9999. 23:59,0 0 0
10,EPIC,name,NEW,description,31.12.9999. 23:59,0 0 0
11,EPIC,name,NEW,description,31.12.9999. 23:59,0 0 0
12,EPIC,name,NEW,description,31.12.9999. 23:59,0 0 0
13,EPIC,name,NEW,description,31.12.9999. 23:59,0 0 0
14,EPIC,name,NEW,description,31.12.9999. 23:59,0 0 0
15,EPIC,name,NEW,description,31.12.9999. 23:59,0 0 0
16,EPIC,name,NEW,description,31.12.9999. 23:59,0 0 0
17,EPIC,name,NEW,description,31.12.9999. 23:59,0 0 0
18,EPIC,name,NEW,description,31.12.9999. 23:59,0 0 0
19,EPIC,name,NEW,description,31.12.9999. 23:59,0 0 0

0,1,2,3,4,5,6,7,8,9,10,11,12,13,14,15,16,17,18,19,